user_id,rsvp_id,event_type,event_time,source,status,payment_amount
user_1000,rsvp_0000,RSVP Logged,2025-10-01T03:56:00Z,admin_panel,cancelled,0
user_1001,rsvp_0001,RSVP Logged,2025-03-31T21:18:00Z,api_gateway,pending,0
user_1002,rsvp_0002,RSVP Logged,2025-05-19T18:52:00Z,admin_panel,cancelled,0
user_1003,rsvp_0003,RSVP Logged,2025-10-08T21:46:00Z,admin_panel,cancelled,0
user_1004,rsvp_0004,RSVP Logged,2025-10-08T17:03:00Z,admin_panel,cancelled,0
user_1005,rsvp_0005,RSVP Logged,2025-03-20T14:58:00Z,firestore,pending,0
user_1006,rsvp_0006,RSVP Logged,2025-04-27T07:54:00Z,api_gateway,confirmed,0
user_1007,rsvp_0007,RSVP Logged,2025-07-15T08:08:00Z,admin_panel,cancelled,0
user_1008,rsvp_0008,RSVP Logged,2025-10-02T16:30:00Z,admin_panel,cancelled,0
user_1009,rsvp_0009,RSVP Logged,2025-01-21T23:29:00Z,firestore,pending,0
user_1010,rsvp_0010,RSVP Logged,2025-09-18T03:08:00Z,api_gateway,pending,0
user_1011,rsvp_0011,RSVP Logged,2025-08-31T11:12:00Z,api_gateway,confirmed,0
user_1012,rsvp_0012,RSVP Logged,2025-07-21T02:45:00Z,api_gateway,confirmed,0
user_1013,rsvp_0013,RSVP Logged,2025-08-07T15:29:00Z,api_gateway,cancelled,0
user_1014,rsvp_0014,RSVP Logged,2025-05-27T08:55:00Z,admin_panel,pending,0
user_1015,rsvp_0015,RSVP Logged,2025-02-05T11:19:00Z,firestore,cancelled,0
user_1016,rsvp_0016,RSVP Logged,2025-02-10T01:22:00Z,admin_panel,cancelled,11
user_1017,rsvp_0017,RSVP Logged,2025-09-01T15:48:00Z,admin_panel,pending,0
user_1018,rsvp_0018,RSVP Logged,2025-10-13T10:26:00Z,admin_panel,pending,0
user_1019,rsvp_0019,RSVP Logged,2025-07-31T12:10:00Z,api_gateway,pending,0
user_1020,rsvp_0020,RSVP Logged,2025-02-05T09:03:00Z,admin_panel,confirmed,0
user_1021,rsvp_0021,RSVP Logged,2025-02-07T05:57:00Z,firestore,confirmed,0
user_1022,rsvp_0022,RSVP Logged,2025-07-13T11:10:00Z,firestore,pending,0
user_1023,rsvp_0023,RSVP Logged,2025-02-14T17:44:00Z,admin_panel,confirmed,0
user_1024,rsvp_0024,RSVP Logged,2025-08-10T23:24:00Z,firestore,pending,39
user_1025,rsvp_0025,RSVP Logged,2025-06-29T09:52:00Z,firestore,cancelled,0
user_1026,rsvp_0026,RSVP Logged,2025-09-28T15:20:00Z,api_gateway,cancelled,0
user_1027,rsvp_0027,RSVP Logged,2025-05-15T19:24:00Z,admin_panel,confirmed,0
user_1028,rsvp_0028,RSVP Logged,2025-01-26T10:57:00Z,admin_panel,pending,0
user_1029,rsvp_0029,RSVP Logged,2025-08-15T21:44:00Z,api_gateway,cancelled,0
user_1030,rsvp_0030,RSVP Logged,2025-10-20T17:56:00Z,admin_panel,pending,0
user_1031,rsvp_0031,RSVP Logged,2025-09-15T03:27:00Z,admin_panel,pending,24
user_1032,rsvp_0032,RSVP Logged,2025-03-12T22:02:00Z,admin_panel,pending,0
user_1033,rsvp_0033,RSVP Logged,2025-03-24T02:43:00Z,admin_panel,pending,0
user_1034,rsvp_0034,RSVP Logged,2025-04-16T16:48:00Z,admin_panel,pending,0
user_1035,rsvp_0035,RSVP Logged,2025-04-05T22:35:00Z,firestore,confirmed,0
user_1036,rsvp_0036,RSVP Logged,2025-08-26T01:00:00Z,admin_panel,confirmed,0
user_1037,rsvp_0037,RSVP Logged,2025-04-30T04:54:00Z,admin_panel,pending,0
user_1038,rsvp_0038,RSVP Logged,2025-05-15T20:34:00Z,api_gateway,confirmed,0
user_1039,rsvp_0039,RSVP Logged,2025-09-24T08:14:00Z,api_gateway,confirmed,0
user_1040,rsvp_0040,RSVP Logged,2025-09-06T04:06:00Z,admin_panel,pending,0
user_1041,rsvp_0041,RSVP Logged,2025-08-17T02:03:00Z,firestore,pending,0
user_1042,rsvp_0042,RSVP Logged,2025-08-27T04:44:00Z,api_gateway,confirmed,0
user_1043,rsvp_0043,RSVP Logged,2025-04-07T19:31:00Z,api_gateway,cancelled,0
user_1044,rsvp_0044,RSVP Logged,2025-05-26T12:29:00Z,admin_panel,cancelled,0
user_1045,rsvp_0045,RSVP Logged,2025-09-28T02:12:00Z,firestore,cancelled,0
user_1046,rsvp_0046,RSVP Logged,2025-01-10T08:04:00Z,firestore,pending,0
user_1047,rsvp_0047,RSVP Logged,2025-05-04T08:09:00Z,firestore,pending,0
user_1048,rsvp_0048,RSVP Logged,2025-01-01T16:59:00Z,firestore,cancelled,0
user_1049,rsvp_0049,RSVP Logged,2025-07-24T04:23:00Z,firestore,confirmed,0
user_1050,rsvp_0050,RSVP Logged,2025-07-30T15:29:00Z,api_gateway,pending,0
user_1051,rsvp_0051,RSVP Logged,2025-05-01T15:47:00Z,api_gateway,cancelled,0
user_1052,rsvp_0052,RSVP Logged,2025-08-07T08:23:00Z,api_gateway,cancelled,39
user_1053,rsvp_0053,RSVP Logged,2025-03-05T12:08:00Z,admin_panel,confirmed,19
user_1054,rsvp_0054,RSVP Logged,2025-01-21T06:55:00Z,api_gateway,confirmed,0
user_1055,rsvp_0055,RSVP Logged,2025-01-02T06:59:00Z,api_gateway,pending,0
user_1056,rsvp_0056,RSVP Logged,2025-05-08T22:15:00Z,admin_panel,pending,0
user_1057,rsvp_0057,RSVP Logged,2025-06-01T12:23:00Z,api_gateway,confirmed,0
user_1058,rsvp_0058,RSVP Logged,2025-10-06T12:39:00Z,firestore,cancelled,0
user_1059,rsvp_0059,RSVP Logged,2025-03-29T00:22:00Z,admin_panel,pending,0
user_1060,rsvp_0060,RSVP Logged,2025-05-15T17:27:00Z,api_gateway,pending,0
user_1061,rsvp_0061,RSVP Logged,2025-04-07T03:34:00Z,admin_panel,cancelled,9
user_1062,rsvp_0062,RSVP Logged,2025-07-20T23:23:00Z,firestore,confirmed,0
user_1063,rsvp_0063,RSVP Logged,2025-04-09T15:49:00Z,api_gateway,cancelled,0
user_1064,rsvp_0064,RSVP Logged,2025-06-07T01:34:00Z,firestore,confirmed,0
user_1065,rsvp_0065,RSVP Logged,2025-03-01T11:48:00Z,firestore,cancelled,8
user_1066,rsvp_0066,RSVP Logged,2025-03-31T10:26:00Z,firestore,cancelled,0
user_1067,rsvp_0067,RSVP Logged,2025-03-25T11:58:00Z,api_gateway,confirmed,0
user_1068,rsvp_0068,RSVP Logged,2025-06-03T12:09:00Z,api_gateway,pending,0
user_1069,rsvp_0069,RSVP Logged,2025-08-08T11:02:00Z,api_gateway,confirmed,0
user_1070,rsvp_0070,RSVP Logged,2025-05-22T02:56:00Z,admin_panel,pending,0
user_1071,rsvp_0071,RSVP Logged,2025-05-28T07:10:00Z,api_gateway,confirmed,0
user_1072,rsvp_0072,RSVP Logged,2025-07-07T17:15:00Z,admin_panel,pending,0
user_1073,rsvp_0073,RSVP Logged,2025-08-18T07:46:00Z,firestore,cancelled,0
user_1074,rsvp_0074,RSVP Logged,2025-04-21T05:47:00Z,api_gateway,confirmed,0
user_1075,rsvp_0075,RSVP Logged,2025-01-09T14:14:00Z,api_gateway,confirmed,43
user_1076,rsvp_0076,RSVP Logged,2025-03-14T11:14:00Z,firestore,cancelled,0
user_1077,rsvp_0077,RSVP Logged,2025-05-07T09:37:00Z,firestore,pending,0
user_1078,rsvp_0078,RSVP Logged,2025-04-24T23:43:00Z,admin_panel,cancelled,0
user_1079,rsvp_0079,RSVP Logged,2025-07-30T06:15:00Z,admin_panel,confirmed,0
user_1080,rsvp_0080,RSVP Logged,2025-10-14T20:01:00Z,api_gateway,pending,0
user_1081,rsvp_0081,RSVP Logged,2025-08-31T13:47:00Z,api_gateway,pending,0
user_1082,rsvp_0082,RSVP Logged,2025-02-08T17:58:00Z,admin_panel,pending,0
user_1083,rsvp_0083,RSVP Logged,2025-06-23T14:53:00Z,admin_panel,confirmed,0
user_1084,rsvp_0084,RSVP Logged,2025-04-30T16:17:00Z,api_gateway,pending,0
user_1085,rsvp_0085,RSVP Logged,2025-03-26T03:59:00Z,firestore,confirmed,0
user_1086,rsvp_0086,RSVP Logged,2025-03-14T15:13:00Z,api_gateway,pending,0
user_1087,rsvp_0087,RSVP Logged,2025-03-24T18:38:00Z,admin_panel,confirmed,0
user_1088,rsvp_0088,RSVP Logged,2025-01-15T00:42:00Z,api_gateway,confirmed,0
user_1089,rsvp_0089,RSVP Logged,2025-07-31T22:11:00Z,firestore,pending,0
user_1090,rsvp_0090,RSVP Logged,2025-02-04T16:55:00Z,api_gateway,cancelled,0
user_1091,rsvp_0091,RSVP Logged,2025-03-22T10:02:00Z,admin_panel,pending,0
user_1092,rsvp_0092,RSVP Logged,2025-01-28T18:38:00Z,api_gateway,confirmed,0
user_1093,rsvp_0093,RSVP Logged,2025-04-14T00:00:00Z,api_gateway,cancelled,0
user_1094,rsvp_0094,RSVP Logged,2025-08-08T04:05:00Z,api_gateway,cancelled,0
user_1095,rsvp_0095,RSVP Logged,2025-05-08T00:47:00Z,api_gateway,pending,0
user_1096,rsvp_0096,RSVP Logged,2025-06-25T23:32:00Z,firestore,cancelled,0
user_1097,rsvp_0097,RSVP Logged,2025-04-22T04:06:00Z,firestore,cancelled,0
user_1098,rsvp_0098,RSVP Logged,2025-08-16T11:03:00Z,firestore,cancelled,0
user_1099,rsvp_0099,RSVP Logged,2025-06-30T20:14:00Z,firestore,cancelled,0
user_1100,rsvp_0100,RSVP Logged,2025-10-12T17:28:00Z,admin_panel,pending,0
user_1101,rsvp_0101,RSVP Logged,2025-03-06T05:31:00Z,firestore,cancelled,0
user_1102,rsvp_0102,RSVP Logged,2025-04-10T20:13:00Z,api_gateway,confirmed,0
user_1103,rsvp_0103,RSVP Logged,2025-01-15T16:53:00Z,api_gateway,cancelled,0
user_1104,rsvp_0104,RSVP Logged,2025-02-15T14:26:00Z,api_gateway,cancelled,0
user_1105,rsvp_0105,RSVP Logged,2025-03-08T21:38:00Z,api_gateway,cancelled,46
user_1106,rsvp_0106,RSVP Logged,2025-03-14T22:33:00Z,api_gateway,pending,0
user_1107,rsvp_0107,RSVP Logged,2025-04-25T15:45:00Z,api_gateway,pending,0
user_1108,rsvp_0108,RSVP Logged,2025-03-27T03:47:00Z,api_gateway,cancelled,0
user_1109,rsvp_0109,RSVP Logged,2025-07-19T00:12:00Z,firestore,cancelled,0
user_1110,rsvp_0110,RSVP Logged,2025-03-26T03:58:00Z,api_gateway,pending,0
user_1111,rsvp_0111,RSVP Logged,2025-06-07T04:23:00Z,firestore,cancelled,0
user_1112,rsvp_0112,RSVP Logged,2025-05-30T01:03:00Z,firestore,confirmed,0
user_1113,rsvp_0113,RSVP Logged,2025-01-29T19:26:00Z,firestore,cancelled,0
user_1114,rsvp_0114,RSVP Logged,2025-04-29T08:02:00Z,firestore,pending,0
user_1115,rsvp_0115,RSVP Logged,2025-09-12T04:45:00Z,api_gateway,cancelled,0
user_1116,rsvp_0116,RSVP Logged,2025-03-13T00:41:00Z,firestore,cancelled,0
user_1117,rsvp_0117,RSVP Logged,2025-01-02T06:54:00Z,firestore,pending,0
user_1118,rsvp_0118,RSVP Logged,2025-07-30T01:47:00Z,admin_panel,pending,0
user_1119,rsvp_0119,RSVP Logged,2025-03-02T18:35:00Z,firestore,confirmed,0
user_1120,rsvp_0120,RSVP Logged,2025-03-09T23:18:00Z,admin_panel,cancelled,0
user_1121,rsvp_0121,RSVP Logged,2025-07-27T21:56:00Z,admin_panel,confirmed,0
user_1122,rsvp_0122,RSVP Logged,2025-03-29T18:06:00Z,admin_panel,cancelled,28
user_1123,rsvp_0123,RSVP Logged,2025-09-14T10:31:00Z,firestore,cancelled,0
user_1124,rsvp_0124,RSVP Logged,2025-06-23T09:58:00Z,api_gateway,confirmed,0
user_1125,rsvp_0125,RSVP Logged,2025-06-27T05:03:00Z,admin_panel,cancelled,0
user_1126,rsvp_0126,RSVP Logged,2025-03-15T23:44:00Z,admin_panel,confirmed,43
user_1127,rsvp_0127,RSVP Logged,2025-10-16T11:48:00Z,api_gateway,pending,0
user_1128,rsvp_0128,RSVP Logged,2025-07-14T18:44:00Z,admin_panel,confirmed,0
user_1129,rsvp_0129,RSVP Logged,2025-07-08T07:10:00Z,api_gateway,pending,0
user_1130,rsvp_0130,RSVP Logged,2025-01-07T20:34:00Z,firestore,pending,0
user_1131,rsvp_0131,RSVP Logged,2025-10-08T02:42:00Z,admin_panel,confirmed,0
user_1132,rsvp_0132,RSVP Logged,2025-10-07T20:33:00Z,admin_panel,confirmed,0
user_1133,rsvp_0133,RSVP Logged,2025-08-28T15:25:00Z,admin_panel,confirmed,0
user_1134,rsvp_0134,RSVP Logged,2025-06-08T00:26:00Z,firestore,confirmed,0
user_1135,rsvp_0135,RSVP Logged,2025-10-06T18:36:00Z,firestore,cancelled,0
user_1136,rsvp_0136,RSVP Logged,2025-07-03T05:54:00Z,api_gateway,cancelled,0
user_1137,rsvp_0137,RSVP Logged,2025-01-10T18:16:00Z,firestore,pending,0
user_1138,rsvp_0138,RSVP Logged,2025-06-30T08:23:00Z,api_gateway,pending,0
user_1139,rsvp_0139,RSVP Logged,2025-05-11T04:18:00Z,api_gateway,pending,0
user_1140,rsvp_0140,RSVP Logged,2025-10-19T12:26:00Z,api_gateway,confirmed,0
user_1141,rsvp_0141,RSVP Logged,2025-07-17T16:45:00Z,firestore,pending,0
user_1142,rsvp_0142,RSVP Logged,2025-05-11T12:16:00Z,firestore,pending,0
user_1143,rsvp_0143,RSVP Logged,2025-06-22T04:28:00Z,admin_panel,confirmed,0
user_1144,rsvp_0144,RSVP Logged,2025-02-10T20:34:00Z,admin_panel,confirmed,0
user_1145,rsvp_0145,RSVP Logged,2025-10-09T00:56:00Z,firestore,pending,0
user_1146,rsvp_0146,RSVP Logged,2025-02-09T06:24:00Z,firestore,pending,0
user_1147,rsvp_0147,RSVP Logged,2025-08-18T09:24:00Z,api_gateway,cancelled,0
user_1148,rsvp_0148,RSVP Logged,2025-06-17T08:34:00Z,firestore,pending,0
user_1149,rsvp_0149,RSVP Logged,2025-06-16T01:34:00Z,admin_panel,cancelled,0
user_1150,rsvp_0150,RSVP Logged,2025-06-05T02:28:00Z,admin_panel,confirmed,0
user_1151,rsvp_0151,RSVP Logged,2025-07-04T13:24:00Z,firestore,cancelled,0
user_1152,rsvp_0152,RSVP Logged,2025-05-23T18:32:00Z,firestore,pending,0
user_1153,rsvp_0153,RSVP Logged,2025-08-19T09:07:00Z,admin_panel,confirmed,0
user_1154,rsvp_0154,RSVP Logged,2025-10-09T18:18:00Z,api_gateway,cancelled,0
user_1155,rsvp_0155,RSVP Logged,2025-05-18T00:28:00Z,admin_panel,confirmed,0
user_1156,rsvp_0156,RSVP Logged,2025-03-27T09:29:00Z,api_gateway,pending,0
user_1157,rsvp_0157,RSVP Logged,2025-07-21T02:15:00Z,firestore,confirmed,0
user_1158,rsvp_0158,RSVP Logged,2025-02-14T07:06:00Z,api_gateway,cancelled,0
user_1159,rsvp_0159,RSVP Logged,2025-08-20T07:47:00Z,firestore,cancelled,0
user_1160,rsvp_0160,RSVP Logged,2025-10-04T08:35:00Z,api_gateway,cancelled,0
user_1161,rsvp_0161,RSVP Logged,2025-08-04T00:00:00Z,admin_panel,pending,0
user_1162,rsvp_0162,RSVP Logged,2025-02-26T23:51:00Z,api_gateway,pending,0
user_1163,rsvp_0163,RSVP Logged,2025-09-30T05:58:00Z,firestore,pending,0
user_1164,rsvp_0164,RSVP Logged,2025-06-20T14:18:00Z,api_gateway,cancelled,0
user_1165,rsvp_0165,RSVP Logged,2025-08-12T13:40:00Z,api_gateway,confirmed,0
user_1166,rsvp_0166,RSVP Logged,2025-06-19T15:21:00Z,api_gateway,cancelled,0
user_1167,rsvp_0167,RSVP Logged,2025-10-14T23:45:00Z,firestore,pending,0
user_1168,rsvp_0168,RSVP Logged,2025-08-07T04:16:00Z,firestore,cancelled,0
user_1169,rsvp_0169,RSVP Logged,2025-08-10T15:54:00Z,firestore,confirmed,0
user_1170,rsvp_0170,RSVP Logged,2025-07-26T15:09:00Z,firestore,cancelled,0
user_1171,rsvp_0171,RSVP Logged,2025-02-28T02:18:00Z,firestore,cancelled,0
user_1172,rsvp_0172,RSVP Logged,2025-03-19T14:49:00Z,firestore,confirmed,0
user_1173,rsvp_0173,RSVP Logged,2025-02-16T20:02:00Z,api_gateway,cancelled,0
user_1174,rsvp_0174,RSVP Logged,2025-10-02T02:03:00Z,firestore,cancelled,0
user_1175,rsvp_0175,RSVP Logged,2025-06-14T11:41:00Z,admin_panel,cancelled,0
user_1176,rsvp_0176,RSVP Logged,2025-09-15T00:51:00Z,admin_panel,pending,0
user_1177,rsvp_0177,RSVP Logged,2025-07-06T19:01:00Z,api_gateway,cancelled,0
user_1178,rsvp_0178,RSVP Logged,2025-04-28T04:50:00Z,admin_panel,pending,0
user_1179,rsvp_0179,RSVP Logged,2025-07-04T07:10:00Z,admin_panel,cancelled,0
user_1180,rsvp_0180,RSVP Logged,2025-10-22T22:23:00Z,api_gateway,pending,0
user_1181,rsvp_0181,RSVP Logged,2025-03-08T04:36:00Z,api_gateway,cancelled,0
user_1182,rsvp_0182,RSVP Logged,2025-05-03T15:47:00Z,admin_panel,confirmed,0
user_1183,rsvp_0183,RSVP Logged,2025-03-31T06:55:00Z,api_gateway,pending,0
user_1184,rsvp_0184,RSVP Logged,2025-08-17T01:25:00Z,firestore,cancelled,0
user_1185,rsvp_0185,RSVP Logged,2025-09-10T07:33:00Z,firestore,pending,0
user_1186,rsvp_0186,RSVP Logged,2025-02-22T10:35:00Z,admin_panel,confirmed,0
user_1187,rsvp_0187,RSVP Logged,2025-05-06T15:06:00Z,firestore,cancelled,0
user_1188,rsvp_0188,RSVP Logged,2025-07-08T12:33:00Z,api_gateway,pending,0
user_1189,rsvp_0189,RSVP Logged,2025-04-01T19:27:00Z,api_gateway,pending,0
user_1190,rsvp_0190,RSVP Logged,2025-07-26T13:20:00Z,api_gateway,cancelled,24
user_1191,rsvp_0191,RSVP Logged,2025-04-29T01:53:00Z,admin_panel,pending,0
user_1192,rsvp_0192,RSVP Logged,2025-08-22T08:13:00Z,admin_panel,cancelled,0
user_1193,rsvp_0193,RSVP Logged,2025-03-07T18:24:00Z,admin_panel,confirmed,0
user_1194,rsvp_0194,RSVP Logged,2025-04-15T23:43:00Z,admin_panel,cancelled,0
user_1195,rsvp_0195,RSVP Logged,2025-09-29T22:11:00Z,firestore,cancelled,0
user_1196,rsvp_0196,RSVP Logged,2025-02-11T15:53:00Z,api_gateway,confirmed,0
user_1197,rsvp_0197,RSVP Logged,2025-05-18T09:22:00Z,admin_panel,cancelled,30
user_1198,rsvp_0198,RSVP Logged,2025-04-11T06:34:00Z,firestore,confirmed,0
user_1199,rsvp_0199,RSVP Logged,2025-04-08T03:07:00Z,admin_panel,pending,0
